<?xml version="1.0" encoding="UTF-8"?>
<!DOCTYPE mapper PUBLIC "-//mybatis.org//DTD Mapper 3.0//EN" "http://mybatis.org/dtd/mybatis-3-mapper.dtd">
<mapper namespace="com.bana.spbootmycat.dao.UserMapper">
  <resultMap id="BaseResultMap" type="com.bana.spbootmycat.entity.User">
    <result column="id" jdbcType="INTEGER" property="id" />
    <result column="name" jdbcType="VARCHAR" property="name" />
  </resultMap>
  <select id="selectAll" resultMap="BaseResultMap">
    select * from mytbl
  </select>
  <insert id="insert" parameterType="com.bana.spbootmycat.entity.User">
    insert into mytbl (id,name)
    values (#{id,jdbcType=INTEGER}, #{name,jdbcType=VARCHAR})
  </insert>
  <insert id="insertSelective" parameterType="com.bana.spbootmycat.entity.User">
    insert into mytbl
    <trim prefix="(" suffix=")" suffixOverrides=",">
      <if test="id != null">
        id,
      </if>
      <if test="name != null">
        name,
      </if>
    </trim>
    <trim prefix="values (" suffix=")" suffixOverrides=",">
      <if test="id != null">
        #{id,jdbcType=INTEGER},
      </if>
      <if test="name != null">
        #{name,jdbcType=VARCHAR},
      </if>
    </trim>
  </insert>
</mapper>